0,chapter 13 bankruptcy reorganization plan
1,nondischargeable debt and student loans
2,employment as an independent contractor
3,debt collection and debt settlement
4,chapter 7 bankruptcy for businesses
5,criminal charges for identity theft
6,real estate buy and sell agreements
7,nondischargeable debt and alimony
8,joint accounts during bankruptcy
9,divorce petitions and complaints
10,chapter 7 bankruptcy means test
11,bankruptcy adversary proceeding
12,criminal charges for harassment
13,debt collection for businesses
14,bankruptcy homestead exemption
15,automatic stays in bankruptcy
16,llc limited liability company
17,community property in divorce
18,legal separation and divorce
19,dividing debts in a divorce
20,divorce by default judgment
21,real estate and bankruptcy
22,criminal charges for theft
23,divorce and joint accounts
24,taxes and estate planning
25,child support and custody
26,alternatives to divorce
27,dissolution of marriage
28,divorce and bankruptcy
29,bankruptcy liquidation
30,lawsuits and disputes
31,summons and complaint
32,bankruptcy exemptions
33,bankruptcy documents
34,residential property
35,real estate finances
36,bankruptcy petition
37,bankruptcy and debt
38,business bankruptcy
39,creditor harassment
40,business contracts
41,divorce and family
42,small claims court
43,inheritance rights
44,child support lien
45,bankruptcy estate
46,wills and estates
47,wage garnishment
48,bankruptcy court
49,criminal defense
50,default judgment
51,filing a lawsuit
52,executor of will
53,social security
54,debt discharge
55,unsecured debt
56,probate assets
57,sued for debt
58,judgment lien
59,mortgage debt
60,credit repair
61,business debt
62,child custody
63,divorce court
64,probate court
65,credit score
66,court orders
67,civil rights
68,debt relief
69,foreclosure
70,state court
71,short sales
72,immigration
73,tax return
74,family law
75,car loan
76,marriage
77,evidence
78,tax law
79,estates
80,alimony
81,fraud
82,lien
83,fees
